Workbook

Sheet Products
A1: ProductID | B1: Product | C1: Price
A2: 101 | B2: ProductA | C2: 120
A3: 102 | B3: ProductB | C3: 150
A4: 103 | B4: ProductC | C4: 200
A5: 104 | B5: ProductD | C5: 90
A6: 105 | B6: ProductE | C6: 220
A7: 106 | B7: ProductF | C7: 130

Sheet Orders
A1: OrderID | B1: ProductID | C1: Quantity | D1: Product | E1: Price | F1: TotalPrice | G1: Product Status | H1: Discount | I1: Discounted Price | J1: Order Value | K1: Not ordered
A2: 1 | B2: 101 | C2: 2 | D2: =VLOOKUP(B2,Products!$A$1:$C$7,2,0) -> ProductA | E2: =VLOOKUP(B2,Products!$A$1:$C$7,3,0) -> 120 | F2: =C2*E2 -> 240 | G2: =IF(ISNA(VLOOKUP(B2,Products!$A$1:$C$7,1,0)),"Not Found","Found") -> Found | H2: 0.1 | I2: =E2-(E2*H2) -> 108 | J2: =C2*E2 -> 240 | K2: =IF(ISNA(VLOOKUP(B2,Products!$A$2:$C$7,3,0)),"Not Ordered","Ordered") -> Ordered | M2: 1. Use VLOOKUP to find the product names for each ProductID in the Orders worksheet.
A3: 2 | B3: 103 | C3: 1 | D3: =VLOOKUP(B3,Products!$A$1:$C$7,2,0) -> ProductC | E3: =VLOOKUP(B3,Products!$A$1:$C$7,3,0) -> 200 | F3: =C3*E3 -> 200 | G3: =IF(ISNA(VLOOKUP(B3,Products!$A$1:$C$7,1,0)),"Not Found","Found") -> Found | H3: 0.1 | I3: =E3-(E3*H3) -> 180 | J3: =C3*E3 -> 200 | K3: =IF(ISNA(VLOOKUP(B3,Products!$A$2:$C$7,3,0)),"Not Ordered","Ordered") -> Ordered | M3: 2. Use VLOOKUP to find the price for each ProductID in the Orders worksheet, then calculate the TotalPrice by multiplying the Quantity by the Product Price.
A4: 3 | B4: 105 | C4: 4 | D4: =VLOOKUP(B4,Products!$A$1:$C$7,2,0) -> ProductE | E4: =VLOOKUP(B4,Products!$A$1:$C$7,3,0) -> 220 | F4: =C4*E4 -> 880 | G4: =IF(ISNA(VLOOKUP(B4,Products!$A$1:$C$7,1,0)),"Not Found","Found") -> Found | H4: 0.1 | I4: =E4-(E4*H4) -> 198 | J4: =C4*E4 -> 880 | K4: =IF(ISNA(VLOOKUP(B4,Products!$A$2:$C$7,3,0)),"Not Ordered","Ordered") -> Ordered | M4: 3. Use VLOOKUP to check if there are any ProductIDs in the Orders worksheet that do not exist in the Products worksheet.
A5: 4 | B5: 106 | C5: 3 | D5: =VLOOKUP(B5,Products!$A$1:$C$7,2,0) -> ProductF | E5: =VLOOKUP(B5,Products!$A$1:$C$7,3,0) -> 130 | F5: =C5*E5 -> 390 | G5: =IF(ISNA(VLOOKUP(B5,Products!$A$1:$C$7,1,0)),"Not Found","Found") -> Found | H5: 0.1 | I5: =E5-(E5*H5) -> 117 | J5: =C5*E5 -> 390 | K5: =IF(ISNA(VLOOKUP(B5,Products!$A$2:$C$7,3,0)),"Not Ordered","Ordered") -> Ordered | M5: 4. Assume a discount of 10% is given on all products. Use VLOOKUP to find the original price and then calculate the discounted price.
A6: 5 | B6: 102 | C6: 5 | D6: =VLOOKUP(B6,Products!$A$1:$C$7,2,0) -> ProductB | E6: =VLOOKUP(B6,Products!$A$1:$C$7,3,0) -> 150 | F6: =C6*E6 -> 750 | G6: =IF(ISNA(VLOOKUP(B6,Products!$A$1:$C$7,1,0)),"Not Found","Found") -> Found | H6: 0.1 | I6: =E6-(E6*H6) -> 135 | J6: =C6*E6 -> 750 | K6: =IF(ISNA(VLOOKUP(B6,Products!$A$2:$C$7,3,0)),"Not Ordered","Ordered") -> Ordered | M6: 5. Use VLOOKUP to find the price for each ProductID and then calculate the order value. Find the maximum order value from the list.
A7: 7 | B7: 107 | D7: ProductG | E7: 200 | G7: =IF(ISNA(VLOOKUP(B7,Products!$A$1:$C$7,1,0)),"Not Found","Found") -> Not Found | K7: =IF(ISNA(VLOOKUP(B7,Products!$A$2:$C$7,3,0)),"Not Ordered","Ordered") -> Not Ordered
A8: 6 | B8: 104 | C8: 6 | D8: =VLOOKUP(B8,Products!$A$1:$C$7,2,0) -> ProductD | E8: =VLOOKUP(B8,Products!$A$1:$C$7,3,0) -> 90 | F8: =C8*E8 -> 540 | G8: =IF(ISNA(VLOOKUP(B8,Products!$A$1:$C$7,1,0)),"Not Found","Found") -> Found | H8: 0.1 | I8: =E8-(E8*H8) -> 81 | J8: =C8*E8 -> 540 | K8: =IF(ISNA(VLOOKUP(B8,Products!$A$2:$C$7,3,0)),"Not Ordered","Ordered") -> Ordered | M8: 6. Use VLOOKUP to find out which products from the Products worksheet have not been ordered.
M9: 7. Use VLOOKUP to find the Product name and summarize the total quantity sold for each product.
C10: Total Quantity | J10: Max Order Value
C11: =SUM(C2:C8) -> 21 | J11: =MAX(J2:J8) -> 880
