Workbook

Sheet Products
A1: ProductID | B1: Product | C1: Category | D1: Price
A2: 101 | B2: ProductA | C2: Electronics | D2: 120
A3: 102 | B3: ProductB | C3: Furniture | D3: 150
A4: 103 | B4: ProductC | C4: Electronics | D4: 200
A5: 104 | B5: ProductD | C5: Clothing | D5: 90
A6: 105 | B6: ProductE | C6: Furniture | D6: 220
A7: 106 | B7: ProductF | C7: Electronics | D7: 130

Sheet Orders
A1: OrderID | B1: ProductID | C1: Quantity
A2: 1 | B2: 101 | C2: 2
A3: 2 | B3: 103 | C3: 1
A4: 3 | B4: 105 | C4: 4
A5: 4 | B5: 106 | C5: 3
A6: 5 | B6: 102 | C6: 5
A7: 6 | B7: 104 | C7: 6
A9: 1. Use VLOOKUP to dynamically find the unit price for each ProductID in the Orders worksheet and calculate the total price.
A11: OrderID | B11: ProductID | C11: Quantity | D11: UnitPrice | E11: TotalPrice
A12: 1 | B12: 101 | C12: 2 | D12: =VLOOKUP(B12,Products!$A$1:$D$7,4,0) -> 120 | E12: =C12*D12 -> 240
A13: 2 | B13: 103 | C13: 1 | D13: =VLOOKUP(B13,Products!$A$1:$D$7,4,0) -> 200 | E13: =C13*D13 -> 200
A14: 3 | B14: 105 | C14: 4 | D14: =VLOOKUP(B14,Products!$A$1:$D$7,4,0) -> 220 | E14: =C14*D14 -> 880
A15: 4 | B15: 106 | C15: 3 | D15: =VLOOKUP(B15,Products!$A$1:$D$7,4,0) -> 130 | E15: =C15*D15 -> 390
A16: 5 | B16: 102 | C16: 5 | D16: =VLOOKUP(B16,Products!$A$1:$D$7,4,0) -> 150 | E16: =C16*D16 -> 750
A17: 6 | B17: 104 | C17: 6 | D17: =VLOOKUP(B17,Products!$A$1:$D$7,4,0) -> 90 | E17: =C17*D17 -> 540
A19: 2. Use nested VLOOKUP to find the category of each product in the Orders worksheet.
A21: OrderID | B21: ProductID | C21: Quantity | D21: Category
A22: 1 | B22: 101 | C22: 2 | D22: =VLOOKUP(B22,Products!$A$1:$D$7,3,0) -> Electronics
A23: 2 | B23: 103 | C23: 1 | D23: =VLOOKUP(B23,Products!$A$1:$D$7,3,0) -> Electronics
A24: 3 | B24: 105 | C24: 4 | D24: =VLOOKUP(B24,Products!$A$1:$D$7,3,0) -> Furniture
A25: 4 | B25: 106 | C25: 3 | D25: =VLOOKUP(B25,Products!$A$1:$D$7,3,0) -> Electronics
A26: 5 | B26: 102 | C26: 5 | D26: =VLOOKUP(B26,Products!$A$1:$D$7,3,0) -> Furniture
A27: 6 | B27: 104 | C27: 6 | D27: =VLOOKUP(B27,Products!$A$1:$D$7,3,0) -> Clothing

Sheet MonthlySales
B1: Jan | C1: Feb | D1: Mar | E1: Apr | F1: May
A2: ProductA | B2: 120 | C2: 130 | D2: 140 | E2: 150 | F2: 160
A3: ProductB | B3: 150 | C3: 160 | D3: 170 | E3: 180 | F3: 190
A4: ProductC | B4: 200 | C4: 210 | D4: 220 | E4: 230 | F4: 240
A5: ProductD | B5: 90 | C5: 100 | D5: 110 | E5: 120 | F5: 130
A6: ProductE | B6: 220 | C6: 230 | D6: 240 | E6: 250 | F6: 260
A7: ProductF | B7: 130 | C7: 140 | D7: 150 | E7: 160 | F7: 170
A10: 1. Use HLOOKUP to dynamically find the sales for Product B in a specified month.
A12: ProductB | B12: Sales
A13: Jan | B13: =HLOOKUP(A13,$A$1:$F$7,3,0) -> 150
A14: Feb | B14: =HLOOKUP(A14,$A$1:$F$7,3,0) -> 160
A15: Mar | B15: =HLOOKUP(A15,$A$1:$F$7,3,0) -> 170
A16: Apr | B16: =HLOOKUP(A16,$A$1:$F$7,3,0) -> 180
A17: May | B17: =HLOOKUP(A17,$A$1:$F$7,3,0) -> 190
