Workbook

Sheet Sheet1
A1: Product ID | B1: Product | C1: Region | D1: Date | E1: Sales
A2: 101 | B2: Product A | C2: North | D2: 45292 | E2: 120
A3: 102 | B3: Product B | C3: South | D3: 45293 | E3: 150 | I3: Product ID | J3: Product | K3: Region | L3: Date | M3: Sales
A4: 103 | B4: Product A | C4: East | D4: 45294 | E4: 200 | I4: 165 | J4: Product A | K4: East
A5: 104 | B5: Product C | C5: West | D5: 45295 | E5: 90 | I5: 205 | J5: Product B | K5: WESTTT
A6: 105 | B6: Product B | C6: North | D6: 45296 | E6: 220 | J6: Product E
A7: 106 | B7: Product A | C7: South | D7: 45297 | E7: 130 | I7: 356
A8: 107 | B8: Product C | C8: North | D8: 45298 | E8: 300 | I8: 185
A9: 108 | B9: Product B | C9: East | D9: 45299 | E9: 80 | I9: 102
J10: Product C
I11: 52
I12: 123
C16: Product A
C17: Product B
C18: Product C
C19: Product D
C20: Product E

Sheet Sheet2
B13: NAME | C13: SUB1 | D13: SUB2 | E13: SUB3
B14: A | C14: 15 | D14: 10 | E14: 5
B15: B | C15: 15 | D15: 20 | E15: 5
B16: C | C16: 15 | D16: 10 | E16: 5

Sheet Sheet3
F13: NAME | G13: SUB1 | H13: SUB2 | I13: SUB3
F14: A | G14: 15 | H14: 10 | I14: 5
F15: B | G15: 15 | H15: 10 | I15: 5
F16: C | G16: 15 | H16: 10 | I16: 5

Sheet Sheet4
G9: NAME | H9: SUB1 | I9: SUB2 | J9: SUB3
G10: A | H10: 30 | I10: 10 | J10: 5
G11: B | H11: 15 | I11: 10 | J11: 5
G12: C | H12: 15 | I12: 10 | J12: 5

Sheet Sheet5
E4: SUB1 | F4: SUB2 | G4: SUB3
E5: =Sheet2!$C$14 -> 15 | F5: =Sheet2!$D$14 -> 10 | G5: =Sheet2!$E$14 -> 5
E6: =Sheet3!$G$14 -> 15 | F6: =Sheet3!$H$14 -> 10 | G6: =Sheet3!$I$14 -> 5
E7: =Sheet4!$H$10 -> 30 | F7: =Sheet4!$I$10 -> 10 | G7: =Sheet4!$J$10 -> 5
D8: A | E8: =SUM(E5:E7) -> 60 | F8: =SUM(F5:F7) -> 30 | G8: =SUM(G5:G7) -> 15
E9: =Sheet2!$C$15 -> 15 | F9: =Sheet2!$D$15 -> 20 | G9: =Sheet2!$E$15 -> 5
E10: =Sheet3!$G$15 -> 15 | F10: =Sheet3!$H$15 -> 10 | G10: =Sheet3!$I$15 -> 5
E11: =Sheet4!$H$11 -> 15 | F11: =Sheet4!$I$11 -> 10 | G11: =Sheet4!$J$11 -> 5
D12: B | E12: =SUM(E9:E11) -> 45 | F12: =SUM(F9:F11) -> 40 | G12: =SUM(G9:G11) -> 15
E13: =Sheet2!$C$16 -> 15 | F13: =Sheet2!$D$16 -> 10 | G13: =Sheet2!$E$16 -> 5
E14: =Sheet3!$G$16 -> 15 | F14: =Sheet3!$H$16 -> 10 | G14: =Sheet3!$I$16 -> 5
E15: =Sheet4!$H$12 -> 15 | F15: =Sheet4!$I$12 -> 10 | G15: =Sheet4!$J$12 -> 5
D16: C | E16: =SUM(E13:E15) -> 45 | F16: =SUM(F13:F15) -> 30 | G16: =SUM(G13:G15) -> 15
